conversation_id,created_at,full_text
1.36153E+18,2021-02-16T04:21:22.000Z,"$50,000."
1.25624E+18,2020-05-01T15:12:20.000Z,@elonmusk Bitcoin price is too low imo
1.4027E+18,2021-06-09T18:34:13.000Z,🇸🇻 https://t.co/1MXcNFGbLB
1.37075E+18,2021-03-13T14:46:08.000Z,"$60,000."
1.56062E+18,2022-08-19T13:46:29.000Z,https://t.co/TCFiJTeKni
1.40926E+18,2021-06-27T21:05:27.000Z,https://t.co/rIYio2TC0w
1.14233E+18,2019-06-22T07:20:27.000Z,The future of Facebook's Libra coin https://t.co/OVnjuqouPv
1.48976E+18,2022-02-05T00:21:47.000Z,"$41,500. It's alive!"
1.41946E+18,2021-07-26T01:07:27.000Z,"$38,000."
1.38221E+18,2021-04-14T05:38:19.000Z,"$64,150."
1.39792E+18,2021-05-27T14:04:08.000Z,"$40,000."
1.44593E+18,2021-10-07T02:05:14.000Z,"The $60,000 resistance. https://t.co/Eueq2h8dxE"
1.45792E+18,2021-11-09T04:01:46.000Z,"$68,500."
1.40265E+18,2021-06-09T15:31:27.000Z,"$36,000."
1.49542E+18,2022-02-20T15:34:13.000Z,"$38,225. 📈 https://t.co/jJYsXO7ioa"
1.4587E+18,2021-11-11T07:16:39.000Z,🤷‍♂️ https://t.co/WTIjzkNef5
1.45083E+18,2021-10-20T14:20:49.000Z,"$65,700. A new #Bitcoin ATH. 🌕"
1.56355E+18,2022-08-27T15:47:08.000Z,😂 https://t.co/pS5kfdmfw5
1.53859E+18,2022-06-19T18:17:36.000Z,Have fun in 2022. https://t.co/wNx1QFcAip
1.48539E+18,2022-01-23T22:58:21.000Z,😂 https://t.co/eIASN7MnxM
1.36283E+18,2021-02-19T18:31:19.000Z,https://t.co/x1deChsaFX
1.42128E+18,2021-07-31T01:04:42.000Z,"$42,000."
1.49072E+18,2022-02-07T16:02:16.000Z,"$43,950. https://t.co/mkTyct2I8w"
1.39522E+18,2021-05-20T03:37:07.000Z,"$38,000."
1.48685E+18,2022-01-27T23:52:03.000Z,😂 https://t.co/HO9jEouWz0
1.44905E+18,2021-10-15T16:15:31.000Z,"$60,000."
1.44586E+18,2021-10-06T21:17:00.000Z,"$55,000."
1.39522E+18,2021-05-20T03:29:27.000Z,Just more of the same. https://t.co/zdulOlN1Hv
1.46686E+18,2021-12-03T20:17:47.000Z,"iPhone 4 - 2,857 #BTC
iPhone 5 - 16.6 #BTC
iPhone 6 - 2.17 #BTC
iPhone 7 - 1.28 #BTC
iPhone 8 - 0.24 #BTC
iPhone X - 0.16 #BTC
iPhone 11 - 0.14 #BTC
iPhone 12 - 0.06 #BTC
iPhone 13 - 0.02 #BTC

Deflation is a beautiful thing."
1.71279E+18,2023-10-13T11:12:13.000Z,So that is where the logo came from... https://t.co/fk3HqpDXZH
1.47657E+18,2021-12-30T15:22:11.000Z,Nice one @mcdonalds 😂 https://t.co/ewi4NaXuqk
1.48854E+18,2022-02-01T15:38:10.000Z,https://t.co/riBrigPTVx
1.66249E+18,2023-05-27T16:16:33.000Z,"The current @federalreserve chairman Jerome Powell said the quiet part out loud in 2011. 

When the debt ceiling is passed then the @USTreasury needs to create chaos in Europe &amp; the stock market in order to increase demand for the newly issued government bonds. https://t.co/Y02eso2NOE"
1.45056E+18,2021-10-19T20:25:26.000Z,"$64,200."
1.47294E+18,2021-12-20T14:46:06.000Z,https://t.co/v0bw5t2heO
1.59145E+18,2022-11-12T15:16:34.000Z,Could be? https://t.co/STtz5HkYse
1.52895E+18,2022-05-24T04:14:43.000Z,"Eventually, all good things must come to an end. https://t.co/KifMzQ5rrw"
1.515E+18,2022-04-15T16:22:52.000Z,A friendly rivalry between @elonmusk and @JeffBezos ... 😂 https://t.co/kquSx1HmQN
1.46701E+18,2021-12-04T05:59:04.000Z,"$47,000. 📉"
1.44875E+18,2021-10-14T20:47:46.000Z,"October 14th #Bitcoin prices:

2021 - $57,405
2020 - $11,393
2019 - $8,310
2018 - $6,226
2017 - $5,692
2016 - $639
2015 - $248
2014 - $408
2013 - $135
2012 - $11
2011 - $4.01
2010 - $0.10"
1.4499E+18,2021-10-18T00:48:42.000Z,"$62,500."
1.45303E+18,2021-10-26T15:59:34.000Z,"Oct 26, 2021 - $62,500.

Oct 26, 2020 - $13,031."
1.43502E+18,2021-09-06T23:24:56.000Z,"$52,500."
1.6875E+18,2023-08-04T16:40:11.000Z,https://t.co/6mfjPSQVw1
1.41642E+18,2021-07-17T15:22:59.000Z,😂 https://t.co/h1HNgPTc9A
1.4915E+18,2022-02-09T19:48:16.000Z,"$44,500."
1.43388E+18,2021-09-03T20:01:08.000Z,"$50,500."
1.49867E+18,2022-03-01T14:39:43.000Z,"$44,500."
1.44111E+18,2021-09-23T18:55:03.000Z,Legal tender in El Salvador 🇸🇻. The native currency for @Twitter. #Bitcoin adoption is growing everyday. https://t.co/1rVrbYpuMh
1.42368E+18,2021-08-06T15:59:56.000Z,"$42,000."
1.38199E+18,2021-04-13T15:11:17.000Z,"$63,000."
1.48321E+18,2022-01-17T22:53:51.000Z,You can wish. https://t.co/AJTXRrUv6o
1.25993E+18,2020-05-11T19:24:54.000Z,"#Bitcoin Halving occurred on block 630,000. 

We're now in the 4th Epoch."
1.36932E+18,2021-03-09T15:54:16.000Z,"$54,150."
1.54667E+18,2022-07-12T01:22:56.000Z,https://t.co/6FYQegrQ9R
1.42886E+18,2021-08-20T23:35:16.000Z,"$49,200."
1.45555E+18,2021-11-02T14:53:20.000Z,"The US government printed $3T dollars in 2020. @elonmusk, Why is world hunger not solved? https://t.co/NKW30cHkpw"
1.44541E+18,2021-10-05T15:06:58.000Z,"$50,000."
1.36318E+18,2021-02-20T17:24:43.000Z,"$57,250."
1.47954E+18,2022-01-07T19:27:13.000Z,The perpetual battle continues. #Bitcoin https://t.co/BlYFyj4BXB
1.36002E+18,2021-02-12T00:22:05.000Z,"$48,900."
1.40299E+18,2021-06-10T14:23:49.000Z,"$37,500."
1.4666E+18,2021-12-03T02:28:48.000Z,https://t.co/j7WkVow2QE
1.44512E+18,2021-10-04T20:31:34.000Z,"$49,000."
1.54165E+18,2022-06-28T05:10:19.000Z,https://t.co/417if8W4ja
1.45483E+18,2021-10-31T15:34:11.000Z,The evaporating $USD. https://t.co/Z1zl9BC9Cv
1.35878E+18,2021-02-08T14:14:53.000Z,"$43,500."
1.45056E+18,2021-10-19T20:41:38.000Z,📈🐂 https://t.co/b41ucVeuTo
1.47063E+18,2021-12-14T06:01:03.000Z,"Buy the dip... at $30,000. 😂 https://t.co/QwSh8VkXlU"
1.4507E+18,2021-10-20T05:28:31.000Z,#Bitcoin is coming... https://t.co/ZNH6fUX2Sa
1.34725E+18,2021-01-07T18:18:08.000Z,"$40,000!! 🔥"
1.49364E+18,2022-02-15T17:45:20.000Z,"$44,000."
1.46426E+18,2021-11-26T15:43:42.000Z,https://t.co/vhcvTk2p4k
1.36354E+18,2021-02-21T17:29:31.000Z,"$57,850."
1.42494E+18,2021-08-10T04:02:06.000Z,"$46,000."
1.71936E+18,2023-10-31T14:36:13.000Z,https://t.co/nh5hiGcN3E
1.47998E+18,2022-01-09T00:39:36.000Z,"Jan, 8th 2021: $40,800

Jan, 8th 2022: $40,800

#Bitcoin seems like a stable currency with juicy vol to sell."
1.36293E+18,2021-02-20T00:47:27.000Z,"$56,250."
1.51159E+18,2022-04-06T06:40:34.000Z,It is never too late. https://t.co/cxNpMqq4wC
1.44523E+18,2021-10-05T03:28:54.000Z,The sooner the better! https://t.co/e7ekuBBc5W
1.41785E+18,2021-07-21T13:53:16.000Z,"$31,500."
1.47294E+18,2021-12-20T14:46:23.000Z,No one uses #Bitcoin... https://t.co/gEf2j0x3Co
1.38181E+18,2021-04-13T03:24:32.000Z,"$60,900."
1.48253E+18,2022-01-16T01:49:22.000Z,https://t.co/14bFOuJOHD
1.42766E+18,2021-08-17T16:06:59.000Z,#Bitcoin becomes legal tender in El Salvador in 22 days.
1.54398E+18,2022-07-04T15:12:02.000Z,"As you celebrate July 4th, remember these inspiring words about this great nation from the @POTUS. https://t.co/0ejLMcg2AK"
1.52499E+18,2022-05-13T05:41:18.000Z,"The $BTC all-time high is $68,990.

An 80% draw-down is $13,798. $27k is about halfway there.

This is #Bitcoin. Be prepared. ❄️"
1.36437E+18,2021-02-24T00:35:44.000Z,https://t.co/fcUKOjrhd7
1.36969E+18,2021-03-10T16:33:05.000Z,"$56,250."
1.43892E+18,2021-09-17T17:19:58.000Z,"From 1980 to 2020 the @McDonalds Big Mac gone from $0.50 to $8 and lost ~40% of its size. 2% transitory inflation, right? https://t.co/2AqgtuvtAb"
1.44889E+18,2021-10-15T05:49:54.000Z,"$59,600."
1.36278E+18,2021-02-19T15:05:53.000Z,"$53,000."
1.45159E+18,2021-10-22T16:35:28.000Z,"$61,000 #Bitcoin. https://t.co/ufOIGYbnmP"
1.4579E+18,2021-11-09T02:38:16.000Z,"$67,300."
1.59095E+18,2022-11-11T05:52:05.000Z,https://t.co/cewpeNdJIZ
1.49E+18,2022-02-05T16:27:33.000Z,"$41,675. We're lovin' it! @McDonalds https://t.co/vVYBzA6KSb"
1.45555E+18,2021-11-02T14:51:58.000Z,"$63,500."
1.61683E+18,2023-01-21T16:22:20.000Z,"$23,000."
1.44886E+18,2021-10-15T03:42:15.000Z,"$59,250."
1.4333E+18,2021-09-02T05:19:13.000Z,"$49,600."
1.64804E+18,Mon Apr 17 23:59:59 +0000 2023,@deezy_BTC @Pluto_Alliance Enjoy 😎
1.64811E+18,Mon Apr 17 23:59:58 +0000 2023,"ドル円134円米国債2年利回り4.2%に上がってしまいましたね…
下落に注意です🙂
＃BTC ＃Bitcoin https://t.co/6Kh7DRENoW"
1.64811E+18,Mon Apr 17 23:59:54 +0000 2023,Am I high on mushrooms or is $btc below 30k a gift?
1.64811E+18,Mon Apr 17 23:59:51 +0000 2023,"Updated Bitcoin transaction fees: 
    
BCH Next Block: $0.0007 
BCH Weekly Median: $0.0005 

BTC Next Block: $1.97 
BTC Weekly Median: $0.86"
1.64811E+18,Mon Apr 17 23:59:46 +0000 2023,AnchorWatch launch coming soon. Use promo code: LEGIT @bradmillscan @Rob1Ham @BeccaAmilee #Bitcoin https://t.co/JJDubT6cjb
1.64811E+18,Mon Apr 17 23:59:46 +0000 2023,"Btc có hỗ trợ 29,2 và ema 89 h4 và hop luu 28.1 ema 200 h4 và ema 34 d1. Nên hỗ trợ mạnh nhất là 28k ae muốn gom phải chờ về hỗ trợ mạnh có tín hiệu đảo chiều. Vì H4 đang có phân kỳ giảm rõ ràng. Nhịp này mình đoán 31k là đỉnh của sóng này. https://t.co/KO1H0JxTa3"
1.64811E+18,Mon Apr 17 23:59:45 +0000 2023,"$BTC

Got that new high, and now trading back within that channel

Though it's a good look for that deeper pullback, trading below $28.5k~ would add confidence

Would be looking to bid low $26k~ for a significant dead-cat bounce up https://t.co/iD2Aprvicp"
1.64811E+18,Mon Apr 17 23:59:41 +0000 2023,Why did the bitcoin mining stock end on Monday? - https://t.co/EZHsjfTZPD
1.64811E+18,Mon Apr 17 23:59:40 +0000 2023,Bitcoin price index https://t.co/o7UcHJUhC6 #USD #EUR #CNY #GBP #RUB https://t.co/BIH4PdrYJI
1.64811E+18,Mon Apr 17 23:59:39 +0000 2023,First sell signal triggered on daily $BTC super trend. https://t.co/PUE1PeHYOd
1.64811E+18,Mon Apr 17 23:59:36 +0000 2023,#Bitcoin hitting lower level 1st band 2hour timeframe- #BuySignal @ 29495.45 #btc #bitcoin
1.64811E+18,Mon Apr 17 23:59:35 +0000 2023,"@BitcoinApes_ No.1 in sales
#Bitcoin #Ordinals #bayc"
1.6481E+18,Mon Apr 17 23:59:30 +0000 2023,@longstreet_btc Beautiful guitar!
1.648E+18,Mon Apr 17 23:59:28 +0000 2023,"@zengaku_bitcoin あれ？！
またアイコン変わってるぅ🤣"
1.64809E+18,Mon Apr 17 23:59:25 +0000 2023,@btc_bryan_21 @SenWarren @nytimes That's a ridiculous argument. Entropy is not money.
1.64811E+18,Mon Apr 17 23:59:22 +0000 2023,The Legendary Golden Cross #bitcoin https://t.co/Z2RqlMFkNK
1.64795E+18,Mon Apr 17 23:59:21 +0000 2023,"@AlexandertheBTC How will the credit market work under a bitcoin standard?  That’s something that I don’t have an answer to yet.  How will people borrow bitcoin to buy a house, when the amount of bitcoin in their paychecks goes down every year?"
1.64808E+18,Mon Apr 17 23:59:21 +0000 2023,@BinTiger22 @BTC_DeGods keen eyes as ALWAYS brother! And those Rug Rats POP on this guy!
1.64805E+18,Mon Apr 17 23:59:20 +0000 2023,"@kimoeeeee @PoW90586695 @nft4dummies @saylor @MicroStrategy ETH may flip bitcoin for a short time, but at the end of the day, only 1 is truly decentralized. ETH will go to zero long term."
1.64801E+18,Mon Apr 17 23:59:20 +0000 2023,@syora_btc You need this https://t.co/lnAHDljAw7
1.64811E+18,Mon Apr 17 23:59:19 +0000 2023,"@BobLoukas And companies are simply taking the fucking piss. Price gouging is rampant. Tipping culture out of control. Shrinkflation. You name it. 

I spend all my money on Bitcoin and Pot Noodles."
1.64811E+18,Mon Apr 17 23:59:19 +0000 2023,"プエルマルチプルどおり青い領域で買い増しして赤い領域で保険としてヘッジかければほぼ成功する。
これだけを眺めてればいいんじゃないかと思えてくる。
#btc
#PuellMultiple https://t.co/XPdkPhtmtC"
1.64811E+18,Mon Apr 17 23:59:18 +0000 2023,Tonight we cover how @SHAQ finally grew up after 6 months of hiding
1.64811E+18,Mon Apr 17 23:59:17 +0000 2023,Chibi's are on btc👀 ME!
1.64776E+18,Mon Apr 17 23:59:16 +0000 2023,"@ShaneTHazel @RepThomasMassie Bitcoin can't coexist with cbdc, the central banks can buy a large amount of the market cap and crash it.

They're not going to let it trade anymore."
1.64811E+18,Mon Apr 17 23:59:14 +0000 2023,"「BTCは最も重要なレジスタンスにいるが、人々はアルトシーズンを願っている

BTCがぶち上がりアルトがやられるか
BTCがぶち下がりアルトがやられるだろう」

だそうです"
1.6479E+18,Mon Apr 17 23:59:13 +0000 2023,@btcfork The SegWit activation marked the moment when BTC diverged from being Bitcoin.
1.64811E+18,Mon Apr 17 23:59:10 +0000 2023,@denverbitcoin Bro just let me make some money here. It’s a valid Bitcoin transaction. 😂
1.64811E+18,Mon Apr 17 23:59:10 +0000 2023,"@pana067 @BlackstarXXI Imagine, I really think we are that early and that pepe is the second coming of #btc"
1.64811E+18,Mon Apr 17 23:59:09 +0000 2023,"Nakamoto Whale ➜ SOLD
Inscription #417004

💥 SOLD! POW POW → 0.05400000 BTC ($1588.37 USD)

💦 https://t.co/RyivJnguWD

🏺 @NakamotoWhales @CatalinaWhales

Welcome to the fucking Catalina Whale Mixer! https://t.co/gYMLIMUzWR"
1.64811E+18,Mon Apr 17 23:59:09 +0000 2023,"La mayoría de la gente volverá a comprar #Bitcoin sólo hasta que llegue a nuevos máximos históricos.

Triste pero cierto."
1.64801E+18,Mon Apr 17 23:59:08 +0000 2023,@WatcherGuru If that Gary 🤡 is fired btc Will hit 100k with in 48hrs !!
1.64811E+18,Mon Apr 17 23:59:05 +0000 2023,Full send🔥🚀. $BTC  $ETH $SPY $COIN
1.64811E+18,Mon Apr 17 23:59:05 +0000 2023,Stablecoins: Aggregate Supplies #bitcoin #Crypto https://t.co/WDTXkmdJGp
1.64811E+18,Mon Apr 17 23:59:04 +0000 2023,"#BTC Dominance Nasty Rejection at the Key Resistance..!!

Pretty Bullish for #Altcoins 📈
Buy the dip 🚀 https://t.co/yvzA9pFduz"
1.644E+18,Mon Apr 17 23:59:01 +0000 2023,@wanchain_org Please add bitcoin lightning network...
1.64811E+18,Mon Apr 17 23:59:00 +0000 2023,"Candle of day 17/04/2023 closed.

Open: $ 30,328.97
High: $ 30,329.61
Low: $ 29,322.16
Close: $ 29,427.10

Change: -3.06%

#Bitcoin #Candle #BearMarket"
1.64811E+18,Mon Apr 17 23:59:00 +0000 2023,"18 Nisan BİTCOİN GÜN VERİLERİ ;
DÜŞÜŞ (AÇILIŞ FİYATINDAN HESAPLAYINIZ)
%0,5 ÜSTÜ 50%
%1 ÜSTÜ 50%
%2 ÜSTÜ 40%
%5 ÜSTÜ30%

YÜKSELİŞ 
%0,5 ÜSTÜ  100%
%1 ÜSTÜ 70%
%2 ÜSTÜ 50%
%5 ÜSTÜ10%

10 Yıllık Bitcoin gün verisidir. #Bitcoin #BTCUSDT #BTC"
1.64811E+18,Mon Apr 17 23:58:54 +0000 2023,@WallStreetSilv Not if I'm buying bitcoin and move to El Salvadors world of bitcoin
1.64796E+18,Mon Apr 17 23:58:52 +0000 2023,"@FightHaven I know you shouldn't bring a knife to a gun fight, but DAM. 

All things considered, with the energy that flurry took he might've been better off launching some possibly tainted spit from his mouth for the in light of the legal (lifelong?) consequences..."
1.64811E+18,Mon Apr 17 23:58:50 +0000 2023,@NFTwap @Ziko_btc https://t.co/ntvNTXniVv
1.64811E+18,Mon Apr 17 23:58:50 +0000 2023,"SIGNAL #YFII #YFIIUSDT :

▶ Buy now At or Under 1186.7

✏Target1= 1194.5

✏Target2= 1211.8

✏Target3= 1229.5

✗ Stop Loss= 1164.0

⚠ Be cautious pals!

Always Buy the dip 💰

#SPOT #BTC #ビットコイン

To Subscribe to our VIP SIGNALS channel, PM ME! https://t.co/QUrRDQ6FCZ"
1.64811E+18,Mon Apr 17 23:58:44 +0000 2023,you KNOW how much I love this @BTC_DeGods right?
1.64805E+18,Mon Apr 17 23:58:43 +0000 2023,@Cello77352936 $inj is next btc ❤️🚀🚀🤑🥷
1.64792E+18,Mon Apr 17 23:58:39 +0000 2023,@Crypto__emily I pick bitcoin
1.63395E+18,Mon Apr 17 23:58:38 +0000 2023,"@anilsaidso Amazing, thank you for your work."
1.6481E+18,Mon Apr 17 23:58:38 +0000 2023,@CryptoProject6 My answer for this question is NO. Crypto coins are always volatile and keep changing by change in price of bitcoin nd other expensive coins. So I don't this level is going to be stable.
1.64806E+18,Mon Apr 17 23:58:33 +0000 2023,@ShidoGlobal @ShidoGlobal please don’t reveal/disclose anything until BTC close to ATH.
1.64811E+18,Mon Apr 17 23:58:32 +0000 2023,"No trigger for longs on btc atm, but I am looking for 2 things to hop in 

1) run of mday into a deeper test of hourly demand (stop clear, below 28.8) 

2) reclaim of previous range low, which confirm this as a deviation 

Lets see what we get. 

https://t.co/CtssVyuGWF https://t.co/mg0UM7A9zl"
1.64811E+18,Mon Apr 17 23:58:30 +0000 2023,#Bitcoin hitting lower level 1st band 2hour timeframe- #BuySignal @ 29487.65 #btc #bitcoin
1.648E+18,Mon Apr 17 23:58:26 +0000 2023,@BchainCrusader @BitApes_btc LFG! #ordinals #bitapes https://t.co/fFkiajK9VF
1.64811E+18,Mon Apr 17 23:58:25 +0000 2023,"#Bitcoin is the next #Bitcoin
Few"
1.64811E+18,Mon Apr 17 23:58:24 +0000 2023,👀 $BTC 1 month 🕯️ https://t.co/hDuwWVNByK
1.64811E+18,Mon Apr 17 23:58:22 +0000 2023,#gift #newsupdates #business #news #NewsUpdate #trend #digitalmarketing #deals #discount #writerslift #discounts #twitter #marketing #BMPRT #deal #BreakingNews #Breaking #affiliatemarketing #doge #crypto #Bitcoin #web3 https://t.co/ZK0gtHTGTy
1.64811E+18,Mon Apr 17 23:58:20 +0000 2023,"💥BNBTC CONTRACT IS LOCKED 🔐:

#Polygon, #Ledger urge EU to amend smart contract rules forcing inadvertent centralization

Just hold #BNBTC, thank me later🚀🚀

#BNBTC #Bitcoin #CZ #Binance #BNB #BUSD #Microstrategy #Saylor #1BTC #ETH #Celsius #LUNC #DOGE #SHIB #HEX #GALA #DGC…"
1.64804E+18,Mon Apr 17 23:58:17 +0000 2023,@BezusCrypto @Injective_ $inj is next btc ❤️🚀🚀🤑🥷
1.64809E+18,Mon Apr 17 23:58:17 +0000 2023,@MylesGinvest #bitcoin down. Sharp fall
1.64811E+18,Mon Apr 17 23:58:17 +0000 2023,"Watch the alts against $btc and $eth . 
Wave incoming."
1.64811E+18,Mon Apr 17 23:58:16 +0000 2023,#新しいプロフィール画像 https://t.co/l61QJYxB90
1.64778E+18,Mon Apr 17 23:58:15 +0000 2023,@LoboRonin7 BTC is going down? 20?  until the FED gets scared and runs up the printing presses again ?
1.64811E+18,Mon Apr 17 23:58:15 +0000 2023,"Market Updates (Daily)

04/17/23 23:58

#BTC 29418 -2.93% 🔴
#ETH 2075 -2.07% 🔴
#XRP 0.511 -1.9% 🔴
#DOGE 0.0914 +1.05% 🟢
#BNB 340 -2.24% 🔴
#SHIB 0.000011370 -1.73% 🔴
#CRO 0.0699 -3.79% 🔴
#TRX 0.0657 -1.22% 🔴
#MATIC 1.1515 -2.65% 🔴

(7/13)
511660"
1.64811E+18,Mon Apr 17 23:58:13 +0000 2023,"https://t.co/Tt52u3ruJV

#Bitcoin Update"
1.64811E+18,Mon Apr 17 23:58:12 +0000 2023,"Who needs Shitcoin Magazine when there is @nobsbitcoin, @bitblockboom, @citadeldispatch, @BitBuyBitPod, @rabbitholerecap, and @pod256?

#Bitcoin"
1.64808E+18,Mon Apr 17 23:58:10 +0000 2023,"@PixelRainbowNFT @BTC_DeGods Dat gold zipper slider. 

Ayo! https://t.co/xkBmcIhMVX"
1.64811E+18,Mon Apr 17 23:58:03 +0000 2023,"【2023/04/18 08:58:02時点でのレート】
(BTC)  3,960,176円 (1h:99.72%, 24h:97.53%)
(ETH)  279,267円 (1h:99.70%, 24h:98.34%)
(XMR)  21,456円 (1h:99.64%, 24h:97.97%)"
1.64811E+18,Mon Apr 17 23:58:02 +0000 2023,"@GRDecter how high can Bitcoin go?
AI will answer: https://t.co/UWtrOaHMkO"
1.64809E+18,Mon Apr 17 23:57:53 +0000 2023,@TurnBasedCarl @coolcash @SenWarren @EPA @ENERGY Lol. You don’t understand bitcoin. We don’t want to solve the energy usage. It’s not a problem statist war machine supporter.
1.64811E+18,Mon Apr 17 23:57:47 +0000 2023,Why did bitcoin mining stocks end down on Monday? https://t.co/zRtQUWbd33
1.64794E+18,Mon Apr 17 23:57:45 +0000 2023,@BazKahn2 @MitchellHODL 🤣🤣🤣 Awesome. I just imagine him being finished with one of his esoteric nonsense rambling about bitcoin.
1.6481E+18,Mon Apr 17 23:57:45 +0000 2023,@Uzair06854499 @eliz883 exactly
1.64811E+18,Mon Apr 17 23:57:44 +0000 2023,#Bitcoin hitting lower level 3rd band 1minute timeframe- #BuySignal #BuySignal #BuySignal @ 29468.01 #btc #bitcoin
1.64807E+18,Mon Apr 17 23:57:42 +0000 2023,"@AysnrKrc Aynı yerden sattım aynı yerden aldım projesi güzel sabırlı davranırsan 2.Pump yakın
Hacim güzel btc 30 k üzeri atsın sen o zman şenliği izle #ADXusdt #ADX #btc"
1.64811E+18,Mon Apr 17 23:57:40 +0000 2023,"@BitcoinPierre 

I'm trying to sell a female friend who wants to start a new career on the Riot Bitcoin miner technician training.

She is tied to the Atlantic seaboard at this point due to custody issues.

Any reputable BTC employers in the Virginia area you would recommend?"
1.648E+18,Mon Apr 17 23:57:38 +0000 2023,@Breedlove22 @lisa_hough_ The Constitution has failed…bitcoin doesn’t need the government to succeed
1.64811E+18,Mon Apr 17 23:57:36 +0000 2023,https://t.co/Ic2c3WGBKv Rangers' Josh Jung powers a three-run blast to left center field in the first inning https://t.co/MTy9Izr5cd ▶️ https://t.co/qwq5GEGtOp #Bitcoin #Sportsbook
1.64811E+18,Mon Apr 17 23:57:35 +0000 2023,"For those who asked me, this is not a breakout, it's a pump #GRT #GRTBTC 

#bitcoin #cryptocurrency #区块连 #比特币 #交易所
To Join Our PREMIUM SIGNALS channel NOW, PM ME!"
1.64811E+18,Mon Apr 17 23:57:32 +0000 2023,BTC-TUSD devient la plus grande paire Bitcoin sur Binance https://t.co/lq70Lza4aH
1.64766E+18,Mon Apr 17 23:57:31 +0000 2023,"@Croesus_BTC @IT_AIRmass Do you think we've crossed the ""chasm of adoption""?  Its something I wonder about a lot"
1.64811E+18,Mon Apr 17 23:57:31 +0000 2023,BTC 在今年开始复苏，给大饼一点时间； CPI 大幅开始下降，给美联储一点时间。大饼的周期性牛市，少数人见证了三轮，又到第四轮起点，复出一点时间，是很值得的。 https://t.co/VsSlc4rUsF
1.64811E+18,Mon Apr 17 23:57:30 +0000 2023,"@RealCryptoFace1 Sxp, alpha 
But mate maybe you should wait a bit like btc hitting low 25k or even 23k"
1.64811E+18,Mon Apr 17 23:57:28 +0000 2023,"https://t.co/s7v1TIry05
Nuevo Video Como Generar tu propia  frase semilla de 24 palabras + passphare para aumentar la seguridad ya sea con hardware wallet o paper wallet
#bip39 #bitcoin
#btc #ETH #seed #Ethereum #Crypto https://t.co/EHZEhLCeVe"
1.64792E+18,Mon Apr 17 23:57:27 +0000 2023,@WSB__Chairman Bitcoin doesn’t fix this
1.64811E+18,Mon Apr 17 23:57:26 +0000 2023,29400de 600BTC'lık binance perp de emir vardı şuan 300 BTC kaldır orda oranın kaybı ltfde low getirir https://t.co/AOeEbHLXMm
1.64809E+18,Mon Apr 17 23:57:21 +0000 2023,@SenWarren @nytimes Your statement is just a flat out lie. Your energy bills are higher because of the terrible policies your administration has implemented. Trying to scapegoat on Bitcoin looks sort of tragic for you and everyone sees through it
1.64589E+18,Mon Apr 17 23:57:19 +0000 2023,@WatcherGuru Jim Cramer was wrong! 🤷‍♂️ #Bitcoin is proving resilient and clearly now is the time to invest!
1.64811E+18,Mon Apr 17 23:57:18 +0000 2023,"I love this dog
#Dogecoin 
#DOGE 
#bitcoin #BNB #USDT https://t.co/dyEzTSYG3h"
1.64811E+18,Mon Apr 17 23:57:17 +0000 2023,"🔨全新#比特币挖矿APP~
#Avive - 2023 年最好的挖矿APP
推荐免费领取#BTC
挖矿获得$VV币
👉点击此链接注册：
https://t.co/Z2Fgr60ekI https://t.co/697S3siVa0"
1.64811E+18,Mon Apr 17 23:57:12 +0000 2023,"#NZDJPY ALL targets hit! 180 pips profit🎯

Join our FREE telegram channel. Link in the bio.

#xauusd #eurusd #eurjpy #usdcad #usdjpy #gbpusd #forextrading #usoil #crudeoil #btc #bitcoin #nasdaq #dji #spx #amzn #qqq #goog https://t.co/IcvhrtS18w"
1.64811E+18,Mon Apr 17 23:57:12 +0000 2023,"#Bitcoin Fear and Greed index

Current #BTC price is 29406 $

#Crypto #FearAndGreed

(6/13)
511659 https://t.co/g7qWaPstLh"
1.64778E+18,Mon Apr 17 23:57:10 +0000 2023,"@CryptoLoser421 @CryptoLollla That $swftC #AI #blockchain is growing every  day. Fast an Secure. 
Probably the Best in the Biz. 
#btc #coinbase"
1.64811E+18,Mon Apr 17 23:57:08 +0000 2023,"The current market trends indicate a positive outlook for a potential bull market. Bitcoin (btc) has taken the lead once again, reaching an all-time high as it breaks the $30,000 barrier for the first time in months. Ethereum (eth) is also"
1.64811E+18,Mon Apr 17 23:57:07 +0000 2023,#Bitcoin hitting lower level 1st band 2hour timeframe- #BuySignal @ 29483.58 #btc #bitcoin
1.64811E+18,Mon Apr 17 23:57:06 +0000 2023,"For the ones who DM me regarding why the long on ETH is a small size.
The reality is that I am short on #BTC  and I don’t want to be overexposed.

Entry= 29495.6
Initial SL= 29584
Current SL= 29540
TP1= 29219 https://t.co/L99GR7IGVw"
1.6481E+18,Mon Apr 17 23:57:05 +0000 2023,"@Zara_Yaqob alona shevchenko, ukrainian bitcoin enthusiast and nazi activist"
1.64811E+18,Mon Apr 17 23:56:59 +0000 2023,"🔨ỨNG DỤNG Khai thác mới~
Avive - Ứng dụng khai thác tốt nhất năm 2023
Có thể nhận BTC miễn phí khi giới thiệu.
Cũng có thể nhận được VV coin khi khai thác
Nhấn vào link này để đăng ký👉
https://t.co/NSvPmRIs4S"
1.64811E+18,Mon Apr 17 23:56:56 +0000 2023,"UNA LOCURA: ChatGPT podría predecir el movimiento de precio de activos financieros, arrojan estudios.

#Bitcoin #Btc #ChatGPT https://t.co/PGJQpnYMiY"
1.64783E+18,Mon Apr 17 23:56:54 +0000 2023,"@binaya_btc @clarity_lang Clarity smart contracts programming language

Content by GPT. Music by https://t.co/ZVJj6YgOda, voice by 
@elevenlabsio.

Note: Hard to cover a programming language in 2 minutes https://t.co/H3L5Rc5qXY"
1.64776E+18,Mon Apr 17 23:56:52 +0000 2023,@MartyBent I dunno dude this is a democracy and each year more % of the population holds bitcoin
1.64811E+18,Mon Apr 17 23:56:51 +0000 2023,"BRICS contra o dólar; taxação da SHEIN e SHOPEE; baixa FERTILIDADE mundial; BITCOIN inconfiscável? #fernandoUlrich 
https://t.co/Y9nyB9nc1h via @PodcastAddict"
1.64811E+18,Mon Apr 17 23:56:44 +0000 2023,"#Bitcoin 의 투명성만으로도
많은 문제를 해결 할 수 있겠지"
1.64808E+18,Mon Apr 17 23:56:42 +0000 2023,"@Twitty_Twats Really excited for #ordinals - there are some amazing communities educating, building and inscribing together. @BitApes_btc @Bitamigos 

Solid foundations and making history!

And of course #battlebirds the best #web3 game of all time. https://t.co/DKwOXGDogr"
1.64811E+18,Mon Apr 17 23:56:42 +0000 2023,"En #Bitcoin el nivel de $30,000 está arraigado psicológicamente. 

¿Que veremos primero, $BTC en $25k o en $35k?"
1.64811E+18,Mon Apr 17 23:56:34 +0000 2023,"#Bitcoin #LightningNetwork continues to blow me away.

TRX processed over LN from @NiceHashMining account to @walletofsatoshi. Made a second TRX to @MyfirstBitcoin_. All completed within 2 minutes.

Only took so long 'cause I kept pausing to take in the speed and simplicity. ⚡🌋"
1.64811E+18,Mon Apr 17 23:56:33 +0000 2023,#Bitcoin poem by ChatGpt
1.64811E+18,Mon Apr 17 23:56:33 +0000 2023,"And a symbol of hope for a brighter kingdom.
So let us embrace this digital gem, And let its light shine on us like a diadem, For Bitcoin is more than just a coin, It's a symbol of the beauty of the human join."
1.64811E+18,Mon Apr 17 23:56:32 +0000 2023,"Make I impress you come Dey hungry?

Why😂"
1.64811E+18,Mon Apr 17 23:56:32 +0000 2023,"And though its path was not all smooth, Its beauty remained for us to prove, That even in the darkest hour, Bitcoin's light could show its power.
For it was a currency for the people, Free from the chains of any steeple, A beacon for those who sought freedom,"
1.64811E+18,Mon Apr 17 23:56:32 +0000 2023,"(2/2) also spaces has been permanently weakened , and the NFT verification thing that allows you to get tips in bitcoin- was originally the game killer and now nobody sees how significant that idea was.. everybody sucks.. including me I should’ve given up my life to go work there"
1.64811E+18,Mon Apr 17 23:56:31 +0000 2023,"In a world of bits and code, Where energy flows and circuits glowed, A new form of currency was born, A beauty that left many forlorn.
For it was not gold nor silver, Nor paper notes with ink to quiver, But a digital coin that shone, With power to inspire and move on.
Bitcoin,"
1.64811E+18,Mon Apr 17 23:56:29 +0000 2023,👀 $BTC 1week 🕯️ https://t.co/XJCCVT2zWQ
1.64811E+18,Mon Apr 17 23:56:26 +0000 2023,Bitcoin on-chain data highlights the steps BTC is taking to exit the bear market https://t.co/xJutCOOMcb
1.64811E+18,Mon Apr 17 23:56:19 +0000 2023,"@hereforthecom19 This dip on $BTC is a simple retest of previous resistence to confirm it as support.

An R/S flip. 

Confirmation being a bounce off the white line at 28.8k. That is the buy signal for short term trade."
1.64811E+18,Mon Apr 17 23:56:17 +0000 2023,"“Bitcoin mines -&gt; enriching crypto executives”

Who tf let you tweet this?"
1.64811E+18,Mon Apr 17 23:56:17 +0000 2023,"halo pak @ridwankamil hope you adopt bitcoin for goodthings. not just political things, we will support."
1.64809E+18,Mon Apr 17 23:56:17 +0000 2023,@SenWarren @nytimes I lost both arms after being forced to work long hours in the bitcoin mines.
1.64811E+18,Mon Apr 17 23:56:14 +0000 2023,A piece of me lives on BTC for eternity @TaprootWizards 🧙🏿‍♂️🧙🏿‍♂️🧙🏿‍♂️🧙🏿‍♂️🧙🏿‍♂️🧙🏿‍♂️🧙🏿‍♂️ https://t.co/FOWYOOArtI
1.64804E+18,Mon Apr 17 23:56:14 +0000 2023,@mcshane_writes @s256anon001 Sir… don’t you work for bitcoin magazine? 🤣
1.64811E+18,Mon Apr 17 23:56:13 +0000 2023,This thread means a lot to me. Seeing how #bitcoin and @paxful changed people’s lives.. it has been an honor to serve this community !
1.64811E+18,Mon Apr 17 23:56:08 +0000 2023,Warren Buffett Calls Bitcoin a 'Gambling Token' https://t.co/Vc0SpYrvBM via @coindesk    CHINA BANNED BITCOIN?
1.64811E+18,Mon Apr 17 23:56:07 +0000 2023,"@salomondrin será que esta es la bajada de la medusa que menciona nuestro tío salo?? 

Welcome to six flags perros 

BTC Weekly view https://t.co/NrqIUiFEhp"
1.64811E+18,Mon Apr 17 23:56:06 +0000 2023,"Seguiré este set up en $BTC, espero se desarrolle a mi favor. Timeframe 1H https://t.co/DSI9jSdmIe"
1.64811E+18,Mon Apr 17 23:56:02 +0000 2023,"https://t.co/Mis32WDdXY
If you are seeking means to travel using only Bitcoin - this short article is a must-read. Arbitrage players capitalize on cost differences to purchase commodities in markets where there is excess, as well as to market products in markets where there is de"
1.64811E+18,Mon Apr 17 23:56:02 +0000 2023,"@teloolah Yes, BTC and ETH. CME just announced end of day expiration for their micro contracts. Meaning the trade has to go the users way the same day they take the trade or else they will lose the money for the contract. 

Whereas, we swing trade with high leverage responsibly, yet that… https://t.co/JUbN5goJWV"
1.64811E+18,Mon Apr 17 23:55:59 +0000 2023,Esta herramienta fue creada por los desarrolladores de Samourai Wallet para facilitar el proceso de transacciones en Bitcoin.
1.64811E+18,Mon Apr 17 23:55:58 +0000 2023,"Cuando se escanean o agregan a una billetera compatible, generan direcciones únicas no utilizadas de bitcoin, sin revelar el historial de transacciones o saldos anteriores"
1.64811E+18,Mon Apr 17 23:55:57 +0000 2023,"Otra tecnología que Samourai Wallet utiliza es PayNym, que está construida sobre el estándar BIP-47 de Bitcoin. PayNym es una herramienta digital que permite enviar y recibir bitcoins de forma segura y privada utilizando códigos de pago reutilizables."
1.64795E+18,Mon Apr 17 23:55:56 +0000 2023,@alexstanczyk Tech is powerful enough to destabilize nations… but yeah sure - BTC is going to zero
1.64811E+18,Mon Apr 17 23:55:56 +0000 2023,#Bitcoin hitting lower level 1st band 2hour timeframe- #BuySignal @ 29488.47 #btc #bitcoin
1.64811E+18,Mon Apr 17 23:55:54 +0000 2023,"Seeing how many people are talking about #Bitcoindominance on twitter these days as they just figuired out the reason $BTC has been puming bc their altcoins have been getting justed for 3months

Sounds about right to have a few days of up to shake out FOMO Alt positions https://t.co/7VGG73kHIJ"
1.64811E+18,Mon Apr 17 23:55:54 +0000 2023,"Bitcoin girl is fantastic.  Pretty obsessed with her.

#nfts #crypto #digitalart #bitcoin"
1.64811E+18,Mon Apr 17 23:55:52 +0000 2023,@scottmelker Ya  what the fuck is a Bitcoin
